brand,total_revenue,total_orders
Adidas,3029.28,11
Uniqlo,2317.48,10
Gap,2254.3599999999997,7
Nike,1645.46,6
Under Armour,1631.1,5
Zara,1269.64,4
Puma,1227.8400000000001,8
H&M,403.61,2
